komoditas,kategori,mean_harga,cv,trend_slope_pct_per_year,std_harga,min_harga,max_harga,n_obs,is_non_kg_original,cluster,distance_to_centroid,is_centroid,cluster_label
Cabe Merah Besar,UMUM,35732.13719008264,0.3822047909461729,0.011688922131931217,13656.994024795506,13000.0,70250.0,1815,False,0,0.06525189739585438,True,Cluster 0: Labil & Murah (→Datar)
Ikan Asin Teri,UMUM,85125.34435261707,0.050531906187222975,0.0034316965591011162,4301.545914981497,76216.25,94750.25,1815,False,2,0.09885505097783609,True,Cluster 2: Stabil & Mahal (→Datar)
Telur Ayam Ras,UMUM,26647.32561983471,0.0991113189143807,0.04306003104121197,2641.0515877227854,21045.0,31833.0,1815,False,1,0.02607450692119091,True,Cluster 1: Labil & Murah (↑Inflasi)
